Date,AAPL,MSFT,NVDA,GOOGL,AMZN,META,TSLA,AVGO,AMD,NFLX,ADBE,CRM,ORCL,INTC,QCOM,CSCO,IBM,TXN,NOW,MU
2025-01-03,242.26429748535156,420.24993896484375,144.4304962158203,191.0417938232422,224.19000244140625,602.7293701171875,410.44000244140625,230.46742248535156,125.37000274658203,88.1050033569336,430.57000732421875,330.74078369140625,164.68202209472656,20.559999465942383,154.3743438720703,57.46379089355469,217.0421600341797,184.5192108154297,214.75399780273438,89.57643127441406
2025-01-06,243.8969268798828,424.7169189453125,149.38912963867188,196.1019744873047,227.61000061035156,628.2190551757812,411.04998779296875,234.2928466796875,129.5500030517578,88.17900085449219,431.17999267578125,328.3861999511719,164.0582275390625,19.8700008392334,156.35012817382812,57.37592697143555,217.06166076660156,186.13671875,215.41000366210938,98.93576049804688
2025-01-07,241.11947631835938,419.277099609375,140.10166931152344,194.72735595703125,222.11000061035156,615.94775390625,394.3599853515625,226.59243774414062,127.33000183105469,87.91899871826172,422.6300048828125,322.8224792480469,160.43426513671875,20.010000228881836,157.00547790527344,57.53213119506836,218.31918334960938,186.165771484375,210.8300018310547,101.57710266113281
2025-01-08,241.6072540283203,421.4510803222656,140.07168579101562,193.193359375,222.1300048828125,608.8002319335938,394.94000244140625,227.25640869140625,121.83999633789062,87.5,419.5799865722656,324.77972412109375,161.5333251953125,19.8799991607666,155.59698486328125,57.79572677612305,217.5587921142578,185.63307189941406,209.8159942626953,99.08526611328125
2025-01-10,235.7836151123047,415.88214111328125,135.8728485107422,191.2908172607422,218.94000244140625,613.924072265625,394.739990234375,222.3012237548828,116.04000091552734,83.76899719238281,405.9200134277344,315.7884216308594,153.35443115234375,19.149999618530273,153.54295349121094,57.346641540527344,214.21519470214844,184.1705322265625,204.91400146484375,99.01549530029297
2025-01-13,233.34463500976562,414.1350402832031,133.19357299804688,190.26483154296875,218.4600067138672,606.4177856445312,403.30999755859375,223.27243041992188,117.31999969482422,84.02899932861328,408.5,317.00048828125,152.77874755859375,19.200000762939453,153.68968200683594,57.36616516113281,211.9243927001953,185.08096313476562,203.1479949951172,94.74948120117188
2025-01-14,232.22967529296875,412.62615966796875,131.7239532470703,188.9201202392578,217.75999450683594,592.3820190429688,396.3599853515625,222.68771362304688,116.08999633789062,82.83999633789062,412.7099914550781,321.4415283203125,155.1510009765625,19.200000762939453,156.03713989257812,57.92264175415039,212.2655792236328,187.41519165039062,206.25799560546875,97.04196166992188
2025-01-15,236.79901123046875,423.188232421875,136.2027587890625,194.78712463378906,223.35000610351562,615.1801147460938,428.2200012207031,225.95816040039062,119.95999908447266,84.82599639892578,417.2799987792969,319.07696533203125,157.1361846923828,19.719999313354492,160.81028747558594,58.55722427368164,214.4881591796875,191.29910278320312,210.8260040283203,102.85292053222656
2025-01-16,227.23226928710938,421.47088623046875,133.53347778320312,192.1574249267578,220.66000366210938,609.3783569335938,413.82000732421875,227.3555450439453,118.44000244140625,84.23699951171875,426.92999267578125,317.9244689941406,158.3570556640625,19.670000076293945,157.89552307128906,58.40102005004883,217.05191040039062,181.47796630859375,211.4320068359375,102.26484680175781
2025-01-17,228.94454956054688,425.8883056640625,137.67234802246094,195.23536682128906,225.94000244140625,610.8438110351562,426.5,235.31362915039062,121.45999908447266,85.80999755859375,429.989990234375,322.45489501953125,159.83602905273438,21.489999771118164,160.9569854736328,58.801292419433594,219.1282501220703,186.36915588378906,214.29600524902344,105.4045639038086
2025-01-21,221.6375732421875,425.3621826171875,140.79148864746094,197.27737426757812,230.7100067138672,614.522216796875,424.07000732421875,238.15792846679688,122.27999877929688,86.96800231933594,436.3599853515625,324.7200927734375,171.29046630859375,21.770000457763672,163.60768127441406,59.58232116699219,218.6116180419922,189.09078979492188,219.3699951171875,109.02269744873047
2025-01-22,222.8222198486328,442.93255615234375,147.02981567382812,197.59613037109375,235.00999450683594,621.5401000976562,415.1099853515625,238.75253295898438,123.75,95.39900207519531,437.32000732421875,330.4626159667969,182.85406494140625,21.860000610351562,166.5126495361328,60.168087005615234,217.6367950439453,190.8535919189453,225.03399658203125,108.8731918334961
2025-01-23,222.65301513671875,443.4388427734375,147.17974853515625,197.2076416015625,235.4199981689453,634.4493408203125,412.3800048828125,238.12820434570312,123.04000091552734,98.48600006103516,437.2799987792969,332.4893798828125,185.08738708496094,21.56999969482422,170.5424346923828,60.75385284423828,220.34677124023438,194.30162048339844,226.83999633789062,104.49752807617188
2025-01-24,221.77694702148438,440.8082275390625,142.58099365234375,199.428955078125,234.85000610351562,645.45458984375,406.5799865722656,242.50860595703125,122.83999633789062,97.75900268554688,435.3800048828125,331.7144470214844,182.23866271972656,20.829999923706055,168.34169006347656,60.75385284423828,219.13803100585938,179.6861572265625,224.99600219726562,102.85292053222656
2025-01-27,228.8250732421875,431.3778076171875,118.38761901855469,191.06170654296875,235.4199981689453,657.8057250976562,397.1499938964844,200.31985473632812,115.01000213623047,97.18900299072266,438.6000061035156,344.8487243652344,157.10641479492188,20.290000915527344,167.43203735351562,57.67857360839844,218.4849090576172,181.14865112304688,228.12399291992188,90.81238555908203
2025-01-28,237.187255859375,443.92529296875,128.95472717285156,194.53810119628906,238.14999389648438,672.2103271484375,398.0899963378906,205.5030059814453,114.16999816894531,97.18299865722656,442.8399963378906,357.6153564453125,162.78399658203125,19.799999237060547,167.7939453125,58.020267486572266,219.9763641357422,174.8917999267578,234.0780029296875,87.96172332763672
2025-01-29,238.28231811523438,439.0909423828125,123.66617584228516,194.64767456054688,237.07000732421875,674.363525390625,389.1000061035156,204.50204467773438,117.3499984741211,97.81500244140625,441.67999267578125,351.7039489746094,160.81869506835938,19.75,167.95046997070312,58.13742446899414,222.8715362548828,174.6012420654297,228.7259979248047,88.71923828125
2025-01-30,236.520263671875,411.9510803222656,124.61592864990234,200.08636474609375,234.63999938964844,684.8405151367188,400.2799987792969,213.72866821289062,118.86000061035156,97.3239974975586,446.0,341.3415832519531,169.11669921875,20.010000228881836,168.16561889648438,59.03560256958008,251.76498413085938,179.4440155029297,202.5500030517578,92.19783782958984
2025-01-31,234.93743896484375,412.0205993652344,120.03717041015625,203.22409057617188,237.67999267578125,687.0136108398438,404.6000061035156,219.28843688964844,115.94999694824219,97.6760025024414,437.45001220703125,339.4837341308594,168.799072265625,19.43000030517578,169.1437225341797,59.16251754760742,249.25973510742188,180.1269989013672,203.67599487304688,90.94195556640625
2025-02-03,226.98341369628906,407.9109191894531,116.62810516357422,200.44496154785156,237.4199981689453,695.2676391601562,383.67999267578125,215.78012084960938,114.2699966430664,97.89399719238281,438.6000061035156,337.0396728515625,167.34988403320312,19.3799991607666,166.5126495361328,59.59208297729492,254.16305541992188,176.54611206054688,204.18800354003906,89.62626647949219
2025-02-04,231.75184631347656,409.3503112792969,118.6175537109375,205.57489013671875,242.05999755859375,701.9764404296875,392.2099914550781,220.4380340576172,119.5,99.48699951171875,440.2300109863281,341.9079284667969,166.64515686035156,19.290000915527344,169.25132751464844,59.88496780395508,257.7991027832031,176.1753387451172,202.0260009765625,90.36385345458984
2025-02-05,231.42332458496094,410.2635803222656,124.79586029052734,190.58358764648438,236.1699981689453,702.654296875,378.1700134277344,229.92233276367188,112.01000213623047,101.11100006103516,437.6300048828125,345.6733093261719,170.38720703125,19.649999618530273,172.0095977783203,61.085784912109375,256.6683349609375,177.18032836914062,205.41200256347656,93.29424285888672
2025-02-06,232.16995239257812,412.77508544921875,128.64479064941406,190.8525390625,238.8300018310547,709.7518920898438,374.32000732421875,229.28807067871094,110.16000366210938,101.56800079345703,435.3999938964844,328.66436767578125,171.07208251953125,19.3799991607666,165.61279296875,60.79290771484375,247.05665588378906,178.8292999267578,204.66000366210938,94.2311782836914
2025-02-07,226.60511779785156,406.7494812011719,129.8044891357422,184.61695861816406,229.14999389648438,712.2739868164062,361.6199951171875,222.85618591308594,107.55999755859375,101.39299774169922,433.07000732421875,323.71661376953125,173.1664276123047,19.100000381469727,164.28256225585938,60.79290771484375,245.984375,175.6289520263672,201.6580047607422,91.99850463867188
2025-02-10,226.8741912841797,409.201416015625,133.53347778320312,185.7425537109375,233.13999938964844,715.1448974609375,350.7300109863281,232.93511962890625,110.4800033569336,102.76000213623047,451.1000061035156,325.07781982421875,177.59336853027344,19.770000457763672,167.60812377929688,61.320098876953125,244.6105499267578,175.93141174316406,204.36199951171875,95.61663055419922
2025-02-11,231.82725524902344,408.4271240234375,132.76370239257812,184.59703063964844,232.75999450683594,717.5372924804688,328.5,232.93511962890625,111.0999984741211,100.80799865722656,458.82000732421875,322.29595947265625,175.87619018554688,20.969999313354492,168.22433471679688,60.9491081237793,249.9390411376953,174.89715576171875,201.80999755859375,93.7726821899414
2025-02-12,236.06277465820312,406.0447082519531,131.10414123535156,182.89370727539062,228.92999267578125,723.099853515625,336.510009765625,234.2333984375,111.72000122070312,102.73100280761719,462.760009765625,324.0047607421875,170.94305419921875,22.479999542236328,166.5615234375,61.04673767089844,251.02828979492188,175.6191864013672,196.47999572753906,91.38050842285156
2025-02-13,240.70689392089844,407.5337219238281,135.2530059814453,185.41383361816406,230.3699951171875,726.2698974609375,355.94000244140625,233.6883087158203,111.80999755859375,104.36900329589844,459.2200012207031,327.7106018066406,172.5708770751953,24.1299991607666,168.38082885742188,62.325660705566406,254.34512329101562,176.40953063964844,197.89599609375,95.34751892089844
2025-02-14,243.7664337158203,405.43914794921875,138.81204223632812,184.5074005126953,228.67999267578125,734.3543701171875,355.8399963378906,230.95301818847656,113.0999984741211,105.86000061035156,460.1600036621094,324.4220886230469,172.86866760253906,23.600000381469727,168.45907592773438,63.33123016357422,256.39605712890625,178.58535766601562,197.3260040283203,99.19489288330078
2025-02-18,243.6368865966797,406.64031982421875,139.3618927001953,183.05308532714844,226.64999389648438,714.1181030273438,354.1099853515625,226.4833984375,114.27999877929688,103.58499908447266,464.1099853515625,326.8263854980469,178.4668426513672,27.389999389648438,169.83819580078125,63.05786895751953,258.152587890625,181.9320831298828,199.49600219726562,106.44116973876953
2025-02-19,244.03550720214844,411.7326965332031,139.19192504882812,184.54722595214844,226.6300048828125,701.5578002929688,360.55999755859375,226.68162536621094,114.69000244140625,104.33300018310547,456.989990234375,322.4250793457031,180.17410278320312,25.719999313354492,171.38360595703125,63.30193328857422,259.3792419433594,191.55264282226562,197.42799377441406,104.01909637451172
2025-02-20,244.99224853515625,413.91107177734375,140.07168579101562,183.83999633789062,222.8800048828125,692.6558227539062,354.3999938964844,224.70944213867188,114.16999816894531,102.4540023803711,454.69000244140625,316.3646545410156,174.6950225830078,26.09000015258789,169.89688110351562,63.1359748840332,259.7913513183594,199.0071258544922,193.5959930419922,102.84294891357422
2025-02-21,244.7132110595703,406.03326416015625,134.3932342529297,178.95912170410156,216.5800018310547,681.4013061523438,337.79998779296875,216.70179748535156,110.83999633789062,100.31500244140625,444.32000732421875,307.7906494140625,166.5657501220703,24.8700008392334,161.80796813964844,62.46234130859375,256.5923156738281,197.09471130371094,187.6820068359375,98.51712036132812
2025-02-24,246.25791931152344,401.8457336425781,130.244384765625,178.5507049560547,212.7100067138672,666.02978515625,330.5299987792969,206.06790161132812,108.11000061035156,98.84700012207031,444.4200134277344,306.32025146484375,168.69981384277344,24.270000457763672,157.57275390625,61.739898681640625,256.9750061035156,195.86529541015625,185.51600646972656,95.09834289550781
2025-02-25,246.19810485839844,395.77825927734375,126.59537506103516,174.7356414794922,212.8000030517578,655.4332275390625,302.79998779296875,200.72616577148438,103.95999908447266,97.7239990234375,443.4100036621094,303.89605712890625,167.2903289794922,22.989999771118164,157.6901397705078,62.74546432495117,252.93203735351562,195.12376403808594,184.45799255371094,92.91548919677734
2025-02-26,239.5408935546875,397.5985412597656,131.24411010742188,172.05613708496094,214.35000610351562,671.582275390625,290.79998779296875,211.0330352783203,104.73999786376953,99.00599670410156,441.5,305.3366394042969,171.19119262695312,23.520000457763672,158.55087280273438,62.55997085571289,251.0577392578125,193.42601013183594,188.39199829101562,97.39080810546875
2025-02-27,236.49131774902344,390.4368591308594,120.11714935302734,167.8426513671875,208.74000549316406,656.1708984375,281.95001220703125,196.02862548828125,99.51000213623047,96.30699920654297,437.19000244140625,292.9872741699219,163.53836059570312,23.09000015258789,151.05857849121094,62.29637908935547,248.49652099609375,186.654541015625,184.19200134277344,91.52005767822266
2025-02-28,241.01583862304688,394.87310791015625,124.8858413696289,169.61570739746094,212.27999877929688,666.0995483398438,292.9800109863281,197.64401245117188,99.86000061035156,98.05599975585938,438.55999755859375,295.91815185546875,164.82872009277344,23.729999542236328,153.72882080078125,62.58926010131836,247.72128295898438,191.23065185546875,185.95199584960938,93.32414245605469
2025-03-03,237.21881103515625,386.4184265136719,114.02880859375,166.35845947265625,205.02000427246094,652.9909057617188,284.6499938964844,185.6920166015625,98.2300033569336,97.37000274658203,440.7200012207031,291.1591796875,160.81869506835938,22.739999771118164,150.25653076171875,61.97420120239258,245.5133514404297,189.6695098876953,182.06199645996094,90.24424743652344
2025-03-04,235.1259765625,386.53778076171875,115.95828247070312,170.2532196044922,203.8000030517578,637.9881591796875,272.0400085449219,185.801025390625,100.75,97.25800323486328,446.0299987792969,285.476318359375,156.3024139404297,21.329999923706055,151.07814025878906,61.759422302246094,248.47691345214844,190.1085662841797,181.21800231933594,90.90208435058594
2025-03-05,234.93663024902344,398.8816223144531,117.2679214477539,172.3450164794922,208.36000061035156,654.4064331054688,279.1000061035156,189.86431884765625,101.66999816894531,99.09200286865234,451.239990234375,290.0762634277344,160.3621063232422,20.809999465942383,155.0198974609375,62.44281768798828,246.6516876220703,190.82086181640625,183.1580047607422,94.0318374633789
2025-03-06,234.52801513671875,394.7736511230469,110.53976440429688,171.6776580810547,200.6999969482422,625.9561157226562,263.45001220703125,177.8429412841797,98.8499984741211,90.63600158691406,444.7799987792969,284.1946716308594,149.8208465576172,20.75,153.4464874267578,61.90586471557617,244.04139709472656,184.74212646484375,173.41799926757812,88.97838592529297
2025-03-07,238.25527954101562,391.2127685546875,112.65918731689453,173.18174743652344,199.25,623.6932373046875,262.6700134277344,193.21405029296875,100.30999755859375,89.11100006103516,449.3999938964844,281.0552062988281,154.00955200195312,20.639999389648438,158.5404052734375,62.42328643798828,256.6512145996094,185.89349365234375,170.12600708007812,92.65634155273438
2025-03-10,226.70477294921875,378.13287353515625,106.95075225830078,165.41319274902344,194.5399932861328,596.1102294921875,222.14999389648438,182.7981719970703,96.62999725341797,86.66799926757812,435.0799865722656,271.1299743652344,147.686767578125,19.93000030517578,152.40411376953125,60.587886810302734,252.09791564941406,181.9613494873047,156.76600646972656,86.79554748535156
2025-03-11,220.08740234375,378.42132568359375,108.73026275634766,163.58824157714844,196.58999633789062,603.8060302734375,230.5800018310547,188.38766479492188,96.76000213623047,89.51000213623047,433.6600036621094,275.2530517578125,143.1109619140625,19.780000686645508,150.55535888671875,59.23085403442383,244.29652404785156,173.03353881835938,161.67999267578125,88.75910949707031
2025-03-12,216.24057006835938,381.2262878417969,115.71900177001953,166.6497802734375,198.88999938964844,617.6124877929688,248.08999633789062,192.49058532714844,100.79000091552734,91.96800231933594,438.6000061035156,282.73419189453125,149.77120971679688,20.68000030517578,150.26034545898438,59.025840759277344,244.96383666992188,171.43336486816406,168.6280059814453,95.32757568359375
2025-03-13,208.96543884277344,376.7502746582031,115.55902862548828,162.31175231933594,193.88999938964844,588.7833862304688,240.67999267578125,189.64627075195312,98.11000061035156,89.01699829101562,377.8399963378906,269.97747802734375,146.56515502929688,23.700000762939453,149.41464233398438,58.25457763671875,241.20541381835938,169.38436889648438,162.32400512695312,94.57006072998047
2025-03-14,212.76246643066406,386.4880676269531,121.64791870117188,165.0342559814453,197.9499969482422,606.2288818359375,249.97999572753906,193.78883361816406,100.97000122070312,91.80000305175781,394.739990234375,277.5877990722656,148.16322326660156,24.049999237060547,153.97752380371094,59.06489181518555,243.70773315429688,172.13587951660156,168.86599731445312,100.46075439453125
2025-03-17,213.27072143554688,386.6273498535156,119.50830841064453,163.83755493164062,195.74000549316406,603.5350341796875,238.00999450683594,192.7581787109375,104.58999633789062,95.00199890136719,399.3399963378906,278.9290771484375,152.86807250976562,25.690000534057617,155.3247528076172,59.44563674926758,248.24139404296875,175.6191864013672,168.58599853515625,102.77317810058594
2025-03-18,211.96519470214844,381.4749450683594,115.40904998779297,160.22750854492188,192.82000732421875,581.0458984375,225.30999755859375,186.98036193847656,103.51000213623047,92.99800109863281,391.3699951171875,276.92218017578125,148.34185791015625,25.920000076293945,153.6923370361328,58.869632720947266,242.33392333984375,175.09230041503906,166.0,101.3877182006836
2025-03-19,214.50650024414062,385.75201416015625,117.49866485595703,163.4386444091797,195.5399932861328,582.7420654296875,235.86000061035156,193.81858825683594,106.2300033569336,95.9489974975586,387.8900146484375,277.577880859375,151.31964111328125,24.1200008392334,155.6295928955078,59.67018127441406,247.57408142089844,177.3267059326172,168.82400512695312,101.72660064697266
2025-03-20,213.37037658691406,384.7772521972656,118.50848388671875,162.35166931152344,194.9499969482422,584.6776123046875,236.25999450683594,189.40504455566406,107.13999938964844,95.08399963378906,389.6099853515625,277.2201843261719,151.58763122558594,23.959999084472656,155.3247528076172,59.18204116821289,238.7717742919922,176.29241943359375,164.82400512695312,102.66354370117188
2025-03-21,217.5261688232422,389.1736755371094,117.67863464355469,163.53839111328125,196.2100067138672,594.9044799804688,248.7100067138672,190.5183563232422,106.44000244140625,96.02899932861328,387.260009765625,278.79986572265625,151.10125732421875,24.260000228881836,154.2135467529297,58.869632720947266,239.3114776611328,174.65322875976562,165.5500030517578,94.41058349609375
2025-03-24,219.977783203125,390.9839782714844,121.38796997070312,167.2182159423828,203.25999450683594,617.4535522460938,278.3900146484375,190.1107940673828,113.8499984741211,97.1989974975586,394.4700012207031,284.1052551269531,153.7216796875,24.219999313354492,157.4193572998047,59.52374267578125,243.80587768554688,181.00514221191406,169.9459991455078,96.62333679199219
2025-03-25,222.98748779296875,393.0528564453125,120.66809844970703,170.09027099609375,205.7100067138672,624.896728515625,288.1400146484375,187.13861083984375,114.80999755859375,99.72799682617188,403.6400146484375,286.7380676269531,152.7886505126953,24.200000762939453,157.48817443847656,59.543270111083984,245.22877502441406,179.50253295898438,172.2760009765625,93.87235260009766
2025-03-26,220.77503967285156,387.89056396484375,113.7393569946289,164.60543823242188,201.1300048828125,609.601318359375,272.05999755859375,178.20216369628906,110.19000244140625,97.06500244140625,397.80999755859375,279.16748046875,146.70411682128906,23.420000076293945,155.75743103027344,60.33405303955078,245.66053771972656,180.00991821289062,167.7100067138672,91.82905578613281
2025-03-27,223.08714294433594,388.4972839355469,111.40977478027344,161.793212890625,201.36000061035156,601.2202758789062,273.1300048828125,170.9655303955078,106.6500015258789,97.6719970703125,396.1499938964844,276.00811767578125,144.6990966796875,23.6200008392334,155.3444061279297,59.94354248046875,241.6077423095703,176.3704833984375,165.54800415039062,90.86222076416016
2025-03-28,217.15740966796875,376.78009033203125,109.65009307861328,153.90499877929688,192.72000122070312,575.4385986328125,263.54998779296875,168.11260986328125,103.22000122070312,93.38500213623047,385.7099914550781,268.2189636230469,139.8254852294922,22.709999084472656,150.18167114257812,59.416351318359375,239.43905639648438,172.04806518554688,159.552001953125,88.1511001586914
2025-03-31,221.37301635742188,373.3883361816406,108.3603286743164,154.21412658691406,190.25999450683594,575.0594482421875,259.1600036621094,166.43267822265625,102.73999786376953,93.25299835205078,383.5299987792969,266.6194152832031,138.7733612060547,22.709999084472656,151.056884765625,60.24618148803711,244.011962890625,175.3362274169922,159.22799682617188,86.71892547607422
2025-04-01,222.4293975830078,380.1520080566406,110.13001251220703,156.637451171875,192.1699981689453,584.6776123046875,268.4599914550781,167.5161895751953,102.77999877929688,92.83799743652344,383.20001220703125,268.4474792480469,140.8875732421875,22.049999237060547,150.50621032714844,60.33405303955078,245.66053771972656,173.66775512695312,162.31199645996094,88.53534698486328
2025-04-02,223.12701416015625,380.102294921875,110.39995574951172,156.6074981689453,196.00999450683594,582.6123046875,282.760009765625,171.06492614746094,102.95999908447266,93.552001953125,385.7799987792969,269.77880859375,144.77850341796875,21.979999542236328,151.51907348632812,60.35357666015625,245.30726623535156,173.86288452148438,164.80599975585938,88.4255599975586
2025-04-03,202.49757385253906,371.12042236328125,101.78153228759766,150.30491638183594,178.41000366210938,530.4202880859375,267.2799987792969,153.09262084960938,93.80000305175781,91.70500183105469,367.25,253.57455444335938,136.21249389648438,22.43000030517578,137.10272216796875,56.3241081237793,238.9385986328125,160.21261596679688,154.81399536132812,74.19363403320312
2025-04-04,187.738037109375,357.9211730957031,94.29288482666016,145.19903564453125,171.0,503.5910339355469,239.42999267578125,145.41860961914062,85.76000213623047,85.58599853515625,349.07000732421875,239.19842529296875,127.31892395019531,19.850000381469727,125.34152221679688,53.60176086425781,223.2278594970703,147.7136993408203,144.3300018310547,64.59257507324219
2025-04-07,180.84161376953125,355.9517517089844,97.62227630615234,146.34585571289062,175.25999450683594,515.0850830078125,233.2899932861328,153.2218475341797,83.63999938964844,86.78299713134766,340.70001220703125,242.62606811523438,126.21715545654297,19.56999969482422,127.56396484375,53.4739990234375,221.5596160888672,150.26031494140625,147.10000610351562,68.23538970947266
2025-04-08,171.83242797851562,352.66937255859375,96.28252410888672,144.30149841308594,170.66000366210938,509.29815673828125,221.86000061035156,155.1005859375,78.20999908447266,87.04000091552734,340.0,242.407470703125,123.57687377929688,18.1299991607666,122.58805847167969,52.27498245239258,216.89842224121094,142.46434020996094,145.52000427246094,65.41096496582031
2025-04-09,198.17234802246094,388.40777587890625,114.30924987792969,158.27293395996094,191.10000610351562,584.4481811523438,272.20001220703125,184.04713439941406,96.83999633789062,94.5469970703125,364.6400146484375,263.45013427734375,138.65426635742188,21.530000686645508,141.20343017578125,57.1300048828125,230.91148376464844,165.38392639160156,165.19000244140625,77.71669006347656
2025-04-10,189.7710723876953,379.3165283203125,107.55047607421875,152.39913940429688,181.22000122070312,545.0573120117188,252.39999389648438,171.273681640625,88.69999694824219,92.11699676513672,350.04998779296875,253.86354064941406,132.8367462158203,19.8799991607666,132.16616821289062,55.61649703979492,225.25917053222656,152.7971954345703,156.697998046875,69.91207885742188
2025-04-11,197.47471618652344,386.378662109375,110.90986633300781,156.70724487304688,184.8699951171875,542.3434448242188,252.30999755859375,180.85626220703125,93.4000015258789,91.8290023803711,352.4700012207031,253.744140625,131.840576171875,19.739999771118164,136.935546875,56.34376907348633,231.07830810546875,144.01573181152344,157.13400268554688,69.41307067871094
2025-04-14,201.829833984375,385.7420654296875,110.68990325927734,158.63192749023438,182.1199951171875,530.2806396484375,252.35000610351562,177.29759216308594,94.5,93.12799835205078,350.9100036621094,253.29635620117188,134.12176513671875,20.309999465942383,136.87657165527344,56.42238998413086,234.59140014648438,147.31365966796875,159.96400451660156,70.88017272949219
2025-04-15,201.45114135742188,383.67315673828125,112.17963409423828,155.87953186035156,179.58999633789062,520.3432006835938,254.11000061035156,177.88406372070312,95.29000091552734,97.62799835205078,350.3800048828125,253.6744842529297,133.42446899414062,19.850000381469727,136.29637145996094,56.21600341796875,236.2007293701172,147.5087890625,163.3000030517578,70.90013122558594
2025-04-16,193.6079559326172,369.62841796875,104.47103881835938,152.90773010253906,174.3300018310547,501.176513671875,241.5500030517578,173.56993103027344,88.29000091552734,96.16300201416016,344.19000244140625,248.60955810546875,129.2605438232422,19.229999542236328,133.48390197753906,54.80077362060547,234.1105499267578,142.99122619628906,159.33200073242188,69.19349670410156
2025-04-17,196.3087158203125,365.81884765625,101.4715805053711,150.74371337890625,172.61000061035156,500.348388671875,241.3699951171875,169.97149658203125,87.5,97.3030014038086,348.79998779296875,246.04225158691406,128.12493896484375,18.93000030517578,134.38861083984375,54.80077362060547,234.34605407714844,144.8353271484375,154.4320068359375,68.66454315185547
2025-04-21,192.50172424316406,357.205078125,96.89241790771484,147.26332092285156,167.32000732421875,483.56634521484375,227.5,165.219970703125,85.55999755859375,98.79100036621094,343.2200012207031,235.09642028808594,122.34725952148438,18.84000015258789,133.87725830078125,53.43468475341797,231.8044891357422,142.0740509033203,151.197998046875,66.60859680175781
2025-04-22,199.059326171875,364.864013671875,98.87205505371094,151.0528564453125,173.17999267578125,499.1510925292969,237.97000122070312,168.56988525390625,86.26000213623047,104.03399658203125,349.9100036621094,242.19131469726562,126.750244140625,19.510000228881836,136.43405151367188,54.093162536621094,236.39700317382812,143.1961212158203,153.36599731445312,70.07176971435547
2025-04-23,203.9027557373047,372.3936462402344,102.69136047363281,154.92218017578125,180.60000610351562,519.0960083007812,250.74000549316406,175.85623168945312,90.38999938964844,104.95899963378906,351.9599914550781,249.24639892578125,130.89422607421875,20.59000015258789,138.12545776367188,54.673011779785156,240.89138793945312,148.4552459716797,162.5399932861328,72.78641510009766
2025-04-24,207.65989685058594,385.2347412109375,106.41067504882812,158.8413543701172,186.5399932861328,531.9469604492188,259.510009765625,187.0292510986328,94.47000122070312,109.68699645996094,360.9100036621094,263.3963928222656,136.980712890625,21.489999771118164,144.76327514648438,55.321659088134766,225.04327392578125,158.19290161132812,187.71400451660156,77.26757049560547
2025-04-25,208.56680297851562,389.7605285644531,110.98986053466797,161.51397705078125,188.99000549316406,546.0350952148438,284.95001220703125,191.16448974609375,96.6500015258789,110.15299987792969,367.7200012207031,266.5308837890625,137.9569549560547,20.049999237060547,146.0908203125,55.734432220458984,228.0657196044922,158.90518188476562,189.052001953125,79.62291717529297
2025-04-28,209.4238739013672,389.0741882324219,108.71026611328125,160.1676788330078,187.6999969482422,548.49951171875,285.8800048828125,191.32354736328125,96.38999938964844,111.03800201416016,368.6199951171875,264.33172607421875,139.60060119628906,20.510000228881836,145.16644287109375,55.8621940612793,231.74560546875,158.49537658691406,187.48199462890625,78.40532684326172
2025-04-29,210.49021911621094,391.9388427734375,109.00021362304688,159.71893310546875,187.38999938964844,553.1889038085938,292.0299987792969,190.03128051757812,96.05999755859375,112.56400299072266,370.9800109863281,266.4412841796875,140.2480926513672,20.34000015258789,144.43875122070312,56.35359573364258,234.9152374267578,156.86593627929688,188.57200622558594,76.7286376953125
2025-04-30,211.77584838867188,393.15234375,108.90023040771484,158.36268615722656,184.4199981689453,547.7611694335938,282.1600036621094,191.32354736328125,97.3499984741211,113.1719970703125,374.9800109863281,267.3865966796875,140.17835998535156,20.100000381469727,145.99249267578125,56.73688507080078,237.2998046875,157.49569702148438,191.0019989013672,76.79849243164062
2025-05-01,212.59304809570312,423.1316223144531,111.5897445678711,160.8557891845703,190.1999969482422,570.9188232421875,280.5199890136719,196.15460205078125,96.6500015258789,113.34700012207031,374.6300048828125,268.0035400390625,144.9300079345703,19.979999542236328,132.96270751953125,57.12017059326172,235.18019104003906,155.73426818847656,191.58999633789062,77.61688232421875
2025-05-02,204.65020751953125,432.95892333984375,114.4792251586914,163.57826232910156,189.97999572753906,595.6728515625,287.2099914550781,202.427001953125,98.80000305175781,115.64900207519531,380.8699951171875,273.7252197265625,150.1498260498047,20.6200008392334,137.4862518310547,58.309364318847656,240.9600830078125,161.884521484375,195.4720001220703,80.56108093261719
2025-05-05,198.21221923828125,433.8442077636719,113.79934692382812,163.7577667236328,186.35000610351562,597.917724609375,280.260009765625,199.52439880371094,100.58999633789062,113.40599822998047,381.05999755859375,271.2873229980469,148.71536254882812,20.270000457763672,137.12240600585938,58.299530029296875,244.52223205566406,159.827880859375,195.61000061035156,80.26166534423828
2025-05-06,197.83349609375,430.9994201660156,113.51940155029297,162.7804718017578,185.00999450683594,585.9847412109375,275.3500061035156,198.8981475830078,98.62000274658203,113.76899719238281,382.9800109863281,272.0137023925781,147.13148498535156,19.940000534057617,137.5747528076172,58.20125198364258,244.46334838867188,158.51910400390625,193.052001953125,80.35150146484375
2025-05-07,195.58120727539062,431.03924560546875,117.03875732421875,150.96310424804688,188.7100067138672,595.4632568359375,276.2200012207031,203.5900421142578,100.36000061035156,115.54100036621094,384.9700012207031,276.8597412109375,148.79505920410156,20.309999465942383,141.90162658691406,58.545230865478516,248.63389587402344,162.16004943847656,196.6580047607422,82.45734405517578
2025-05-08,196.81698608398438,435.83355712890625,117.34870910644531,153.85513305664062,192.0800018310547,596.6605834960938,284.82000732421875,206.5323944091797,101.69999694824219,114.44300079345703,383.989990234375,278.3622741699219,149.7214813232422,21.0,142.68832397460938,58.682823181152344,249.38951110839844,162.99649047851562,194.8979949951172,84.98235321044922
2025-05-09,197.8534393310547,436.3905334472656,116.62882995605469,152.32933044433594,193.05999755859375,591.1530151367188,298.260009765625,206.9598388671875,102.83999633789062,114.02200317382812,383.2799987792969,274.0635681152344,149.76133728027344,21.420000076293945,142.76698303222656,58.741790771484375,246.16915893554688,169.5206756591797,196.01199340820312,85.69094848632812
2025-05-12,210.3471221923828,446.8644104003906,122.9776840209961,158.0236053466797,208.63999938964844,637.987060546875,318.3800048828125,220.26014709472656,108.12000274658203,111.0,395.94000244140625,287.3975524902344,156.61485290527344,22.18000030517578,149.59165954589844,60.609100341796875,250.60455322265625,184.29112243652344,203.1199951171875,92.1082992553711
2025-05-13,212.48263549804688,446.74505615234375,129.9064178466797,159.09066772460938,211.3699951171875,654.5496826171875,334.07000732421875,231.0355682373047,112.45999908447266,113.84400177001953,397.3999938964844,287.745849609375,161.64541625976562,22.559999465942383,148.82461547851562,60.71721267700195,255.44496154785156,185.19644165039062,207.343994140625,96.7391586303711
2025-05-14,211.8839111328125,450.5247802734375,135.3154296875,164.91458129882812,210.25,657.8720703125,347.67999267578125,230.7373504638672,117.72000122070312,115.0989990234375,399.4700012207031,289.30810546875,162.3227996826172,21.520000457763672,150.43736267089844,60.23564147949219,254.684326171875,184.35015869140625,205.36399841308594,95.13233184814453
2025-05-15,211.00575256347656,451.5412292480469,134.80552673339844,163.5084686279297,205.1699981689453,642.4270629882812,342.82000732421875,231.25425720214844,114.98999786376953,117.7979965209961,404.69000244140625,289.3280334472656,158.7864532470703,21.549999237060547,150.07350158691406,63.1545524597168,263.4365539550781,184.8323516845703,207.03599548339844,95.26207733154297
2025-05-16,210.81614685058594,452.67718505859375,135.37542724609375,165.73231506347656,205.58999633789062,638.8950805664062,349.9800109863281,227.24826049804688,117.16999816894531,119.15299987792969,417.1300048828125,289.7160949707031,159.8722686767578,21.65999984741211,149.96534729003906,62.52555847167969,263.515625,185.49166870117188,208.03599548339844,97.80706024169922
2025-05-19,208.3413543701172,457.26104736328125,135.54539489746094,166.0813446044922,206.16000366210938,638.98486328125,342.0899963378906,229.25624084472656,114.73999786376953,119.16400146484375,420.67999267578125,286.21343994140625,159.02554321289062,21.3799991607666,151.1453857421875,62.820396423339844,265.1455383300781,185.33421325683594,205.14999389648438,98.45577239990234
2025-05-20,206.42539978027344,456.56353759765625,134.35562133789062,163.5283966064453,204.07000732421875,635.662353515625,343.82000732421875,230.29998779296875,113.51000213623047,119.2020034790039,417.6099853515625,286.6413269042969,159.69296264648438,21.270000457763672,151.26339721679688,62.32899856567383,263.70330810546875,185.6983184814453,204.3679962158203,97.9068603515625
2025-05-21,201.66542053222656,450.9831848144531,131.7760772705078,168.09579467773438,201.1199951171875,634.0659790039062,334.6199951171875,228.36158752441406,112.05999755859375,119.46299743652344,414.0299987792969,280.8898010253906,156.5749969482422,20.690000534057617,148.7951202392578,62.11278533935547,257.6972351074219,182.4608154296875,202.95199584960938,95.65130615234375
2025-05-22,200.93695068359375,453.26513671875,132.80589294433594,170.39942932128906,203.10000610351562,635.133544921875,341.0400085449219,229.15682983398438,110.70999908447266,118.7969970703125,414.3299865722656,282.0242004394531,156.70449829101562,20.549999237060547,144.92059326171875,62.27003479003906,255.22763061523438,177.33396911621094,203.1540069580078,94.64329528808594
2025-05-23,194.8597412109375,448.6015319824219,131.26617431640625,168.00604248046875,200.99000549316406,625.6449584960938,339.3399963378906,227.35760498046875,110.30999755859375,118.53900146484375,407.69000244140625,271.78485107421875,155.3696746826172,20.049999237060547,142.9636688232422,62.02433395385742,255.48448181152344,173.48635864257812,200.87399291992188,93.18617248535156
2025-05-27,199.78936767578125,459.07470703125,135.47540283203125,172.423828125,206.02000427246094,640.87060546875,362.8900146484375,234.24632263183594,114.55999755859375,121.15699768066406,413.1000061035156,275.8248596191406,161.28680419921875,20.549999237060547,146.15966796875,62.653324127197266,260.0285339355469,180.31561279296875,205.47799682617188,96.19023895263672
2025-05-28,199.99893188476562,455.75634765625,134.78553771972656,171.8853302001953,204.72000122070312,642.1277465820312,356.8999938964844,238.00381469726562,112.86000061035156,120.8550033569336,412.2300109863281,274.6705627441406,163.21934509277344,20.3700008392334,145.1467742919922,62.2503776550293,257.0748596191406,181.21107482910156,204.25999450683594,95.99063873291016
2025-05-29,199.5299072265625,457.0717468261719,139.1647491455078,171.38670349121094,205.6999969482422,643.5944213867188,358.42999267578125,240.5286865234375,113.02999877929688,118.48600006103516,413.3599853515625,265.6054382324219,162.27297973632812,20.25,145.8744659423828,61.96536636352539,255.54376220703125,182.0376739501953,203.04600524902344,96.60941314697266
2025-05-30,200.4280242919922,458.7458190917969,135.10548400878906,171.2670440673828,205.00999450683594,646.0289306640625,346.4599914550781,240.62811279296875,110.7300033569336,120.7229995727539,415.0899963378906,264.0630798339844,164.8928680419922,19.549999237060547,142.7866668701172,61.955535888671875,255.90924072265625,179.9318389892578,202.21800231933594,94.2740249633789
2025-06-02,201.27622985839844,460.3502197265625,137.35507202148438,168.5644989013672,206.64999389648438,669.3861083984375,342.69000244140625,247.22854614257812,114.62999725341797,121.89800262451172,403.3999938964844,260.33154296875,165.92886352539062,19.739999771118164,144.1929168701172,62.75160217285156,260.69036865234375,181.27012634277344,202.4219970703125,97.9866943359375
2025-06-03,202.8429412841797,461.3466796875,141.19436645507812,165.7223358154297,205.7100067138672,665.3451538085938,344.2699890136719,255.320068359375,117.30999755859375,121.79399871826172,412.489990234375,263.1675109863281,168.4889678955078,20.290000915527344,146.46450805664062,63.25283432006836,261.9745788574219,185.078369140625,202.17599487304688,102.04869079589844
2025-06-04,202.3938751220703,462.2435302734375,141.8942413330078,167.5872039794922,207.22999572753906,686.3976440429688,332.04998779296875,259.52484130859375,118.58000183105469,123.96600341796875,413.9100036621094,261.8739318847656,167.45297241210938,20.25,146.5726776123047,63.28231430053711,262.2906799316406,187.6762237548828,202.54800415039062,103.04672241210938
2025-06-05,200.20848083496094,466.0401611328125,139.964599609375,167.74676513671875,207.91000366210938,683.0750732421875,284.70001220703125,258.3817138671875,115.69000244140625,125.052001953125,415.20001220703125,265.8243408203125,170.48126220703125,19.989999771118164,145.97911071777344,63.508358001708984,263.6143798828125,187.4499053955078,203.52000427246094,106.08073425292969
2025-06-06,203.49156188964844,468.7307434082031,141.69427490234375,173.20169067382812,213.57000732421875,696.1356201171875,295.1400146484375,245.45913696289062,116.19000244140625,124.14700317382812,416.9200134277344,273.1580505371094,173.35018920898438,20.059999465942383,147.64111328125,64.923583984375,265.59991455078125,189.34909057617188,206.04200744628906,108.34626770019531
2025-06-09,201.02674865722656,471.0924072265625,142.6041259765625,175.817626953125,216.97999572753906,692.4937744140625,308.5799865722656,242.82493591308594,121.7300033569336,122.44599914550781,416.260009765625,270.9091491699219,176.4681396484375,20.479999542236328,153.74501037597656,64.7663345336914,268.7708740234375,196.03074645996094,205.3719940185547,110.73155212402344
2025-06-10,202.24420166015625,469.26885986328125,143.9338836669922,178.3237762451172,217.61000061035156,700.8150024414062,326.0899963378906,243.1728515625,123.23999786376953,120.36199951171875,416.05999755859375,266.8990478515625,176.79685974121094,22.079999923706055,157.42515563964844,64.02924346923828,272.8802795410156,199.0615692138672,201.95799255371094,113.915283203125
2025-06-11,198.36236572265625,470.9628601074219,142.81399536132812,177.07569885253906,213.1999969482422,692.5736083984375,326.42999267578125,251.40353393554688,121.13999938964844,121.98799896240234,412.8399963378906,264.60040283203125,175.70111083984375,20.68000030517578,157.77139282226562,63.085758209228516,278.0960693359375,196.50308227539062,200.86599731445312,115.80155944824219
2025-06-12,198.78147888183594,477.1909484863281,144.98374938964844,175.42823791503906,213.24000549316406,691.79541015625,319.1099853515625,254.54469299316406,118.5,121.50299835205078,413.67999267578125,265.595458984375,199.09072875976562,20.770000457763672,156.99974060058594,63.980098724365234,277.6120300292969,196.4735565185547,201.4739990234375,115.95126342773438
2025-06-13,196.03726196289062,473.2946472167969,141.95408630371094,174.39984130859375,212.10000610351562,681.3291015625,325.30999755859375,247.21859741210938,116.16000366210938,121.21499633789062,391.67999267578125,257.12738037109375,214.39161682128906,20.139999389648438,153.06239318847656,62.98746871948242,273.848388671875,191.88792419433594,197.73199462890625,115.37239837646484
2025-06-16,198.0031280517578,477.46002197265625,144.6737823486328,176.49659729003906,216.10000610351562,701.0746459960938,329.1300048828125,250.5983428955078,126.38999938964844,122.53500366210938,401.7300109863281,262.58038330078125,210.2874755859375,20.739999771118164,155.18934631347656,64.38304901123047,278.40228271484375,196.0405731201172,201.0260009765625,119.60405731201172
2025-06-17,195.2289581298828,476.3638610839844,144.1038360595703,175.6778564453125,214.82000732421875,696.19189453125,316.3500061035156,247.8845977783203,127.0999984741211,122.06700134277344,382.67999267578125,261.4659423828125,207.37869262695312,20.799999237060547,152.80519104003906,64.20613861083984,279.6074523925781,194.53500366210938,200.98199462890625,120.10306549072266
2025-06-18,196.1669921875,478.5561218261719,145.46368408203125,173.05194091796875,212.52000427246094,694.7340698242188,322.04998779296875,249.76333618164062,126.79000091552734,122.22899627685547,378.0400085449219,258.6314392089844,210.058349609375,21.489999771118164,151.9840850830078,64.70735931396484,279.7655334472656,195.18446350097656,196.41600036621094,121.58015441894531
2025-06-20,200.5777130126953,475.7261047363281,143.83387756347656,166.38226318359375,209.69000244140625,681.3341064453125,322.1600036621094,249.0858154296875,128.24000549316406,123.14099884033203,376.9200134277344,259.7576599121094,204.3802947998047,21.079999923706055,149.69882202148438,65.17911529541016,277.5527648925781,195.03684997558594,194.28199768066406,123.35665130615234
2025-06-23,201.07664489746094,484.29595947265625,144.15383911132812,164.9344940185547,208.47000122070312,697.4900512695312,348.67999267578125,252.85214233398438,129.5800018310547,125.35399627685547,380.1199951171875,262.5283508300781,206.24307250976562,21.190000534057617,151.4993133544922,66.22087097167969,285.66290283203125,198.17593383789062,196.0800018310547,121.83964538574219
2025-06-24,199.87918090820312,488.3915100097656,147.88340759277344,166.51206970214844,212.77000427246094,711.1396484375,340.4700012207031,262.81597900390625,138.42999267578125,127.91100311279297,382.3399963378906,270.26239013671875,214.44142150878906,22.549999237060547,154.0417938232422,66.72209930419922,290.2168273925781,202.52540588378906,199.26400756835938,127.65816497802734
2025-06-25,201.1365203857422,490.5439758300781,154.29270935058594,170.41600036621094,211.99000549316406,707.6248779296875,327.54998779296875,263.69281005859375,143.39999389648438,127.5250015258789,387.54998779296875,266.8638000488281,209.908935546875,22.200000762939453,154.25942993164062,67.0169448852539,287.5200500488281,202.10226440429688,201.03199768066406,126.99947357177734
2025-06-26,200.5777130126953,495.705810546875,155.00262451171875,173.27159118652344,217.1199951171875,725.009033203125,325.7799987792969,269.1928405761719,143.67999267578125,130.66700744628906,384.95001220703125,269.83380126953125,212.0008544921875,22.5,156.49522399902344,67.76387023925781,288.37945556640625,203.01742553710938,202.28799438476562,125.7519302368164
2025-06-27,200.6575469970703,494.20111083984375,157.73231506347656,178.25387573242188,223.3000030517578,732.5377197265625,323.6300048828125,268.3758239746094,143.80999755859375,132.31199645996094,385.8299865722656,272.5048828125,209.43077087402344,22.690000534057617,156.84146118164062,67.46903228759766,286.17657470703125,203.775146484375,204.48399353027344,124.51437377929688
2025-06-30,204.7389373779297,495.66595458984375,157.97230529785156,175.95741271972656,219.38999938964844,736.9910888671875,317.6600036621094,274.6529846191406,141.89999389648438,133.91299438476562,386.8800048828125,271.77728271484375,217.7884979248047,22.399999618530273,157.5537567138672,68.18647003173828,291.19482421875,204.3065185546875,205.61599731445312,123.00733947753906
2025-07-01,207.3833770751953,490.32470703125,153.2828369140625,175.56802368164062,220.4600067138672,718.149169921875,300.7099914550781,263.7824401855469,136.11000061035156,129.36000061035156,392.1000061035156,270.9999084472656,218.11721801757812,22.850000381469727,157.69224548339844,67.91128540039062,287.6583557128906,207.0913543701172,202.3780059814453,120.65198516845703
2025-07-02,211.99366760253906,489.36810302734375,157.2323760986328,178.3636932373047,219.9199981689453,712.5076293945312,315.6499938964844,268.9237976074219,138.52000427246094,128.48599243164062,378.4700012207031,268.3089294433594,229.09478759765625,21.8799991607666,160.5809783935547,67.4100570678711,284.1515197753906,212.14930725097656,201.95199584960938,121.50031280517578
2025-07-03,213.10133361816406,497.0909423828125,159.3221435546875,179.2523193359375,223.41000366210938,717.9395141601562,315.3500061035156,274.1846923828125,137.91000366210938,129.71800231933594,379.30999755859375,271.2391052246094,236.40655517578125,22.489999771118164,160.47215270996094,68.58663177490234,288.4189758300781,212.5724639892578,208.93800354003906,122.04923248291016
2025-07-07,209.50889587402344,495.974853515625,158.22227478027344,176.5165557861328,223.47000122070312,717.2804565429688,293.94000244140625,273.18829345703125,134.8000030517578,128.96200561523438,376.92999267578125,268.89697265625,231.3660125732422,22.0,156.3962860107422,68.15159606933594,288.91290283203125,210.00411987304688,207.0019989013672,119.79655456542969
2025-07-08,209.5687713623047,494.8786926269531,159.98207092285156,174.09031677246094,219.36000061035156,719.5970458984375,297.80999755859375,270.8169250488281,137.82000732421875,127.53099822998047,382.239990234375,272.73406982421875,233.59739685058594,23.59000015258789,157.74171447753906,67.8154296875,286.8878479003906,213.17271423339844,204.5959930419922,124.29191589355469
2025-07-09,210.69639587402344,501.74456787109375,162.86175537109375,176.34681701660156,222.5399932861328,731.6890258789062,295.8800048828125,276.8948669433594,138.41000366210938,128.8280029296875,373.3800048828125,270.01324462890625,234.90234375,23.440000534057617,157.64279174804688,68.48774719238281,286.61126708984375,212.93655395507812,202.74200439453125,122.11416625976562
2025-07-10,211.9637451171875,499.7216796875,164.0816192626953,177.34527587890625,222.25999450683594,726.1572265625,309.8699951171875,274.4039001464844,144.16000366210938,125.05899810791016,371.42999267578125,263.08648681640625,234.5928955078125,23.81999969482422,157.3855743408203,67.98351287841797,283.9342041015625,216.15435791015625,193.6179962158203,122.98326873779297
2025-07-11,210.7163543701172,501.5552062988281,164.90151977539062,179.91131591796875,225.02000427246094,716.4417114257812,313.510009765625,273.3876037597656,146.4199981689453,124.51100158691406,363.3500061035156,257.20623779296875,230.16058349609375,23.43000030517578,155.77304077148438,67.18265533447266,280.1408996582031,217.718994140625,187.75599670410156,124.40180969238281
2025-07-14,208.1816864013672,501.2562561035156,164.05162048339844,181.2791748046875,225.69000244140625,719.8466796875,316.8999938964844,274.6031799316406,146.24000549316406,126.19499969482422,366.989990234375,258.8108215332031,228.8828125,23.299999237060547,152.63699340820312,67.05413055419922,280.3384704589844,216.53814697265625,192.3560028076172,118.48789978027344
2025-07-15,208.67066955566406,504.04644775390625,170.6808624267578,181.718505859375,226.35000610351562,709.3323364257812,310.7799987792969,279.9238586425781,155.61000061035156,126.0270004272461,364.17999267578125,256.7178649902344,234.552978515625,22.920000076293945,152.6468963623047,66.4213638305664,279.2617492675781,214.8751220703125,191.38400268554688,119.98635864257812
2025-07-16,209.7184600830078,503.84716796875,171.35079956054688,182.68701171875,223.19000244140625,701.8634643554688,321.6700134277344,279.7943420410156,160.0800018310547,125.03099822998047,361.7699890136719,257.086669921875,240.88198852539062,22.690000534057617,152.4193572998047,66.60921478271484,278.4912414550781,213.1825714111328,193.3939971923828,116.31014251708984
2025-07-17,209.57875061035156,509.9058532714844,172.98062133789062,183.29605102539062,223.8800048828125,700.3656616210938,319.4100036621094,285.4139404296875,160.41000366210938,127.41699981689453,366.45001220703125,259.01019287109375,248.31907653808594,22.799999237060547,150.97500610351562,67.5287094116211,278.57025146484375,213.1333465576172,191.8300018310547,113.1434097290039
2025-07-18,210.73631286621094,508.2615966796875,172.39068603515625,184.77377319335938,226.1300048828125,703.2314453125,329.6499938964844,282.315185546875,156.99000549316406,120.92400360107422,365.7900085449219,261.5018310546875,245.02479553222656,23.100000381469727,153.14154052734375,67.28153991699219,282.3931579589844,213.16287231445312,192.67999267578125,114.2722396850586
2025-07-21,212.03358459472656,508.2716064453125,171.36080932617188,189.8059844970703,229.3000030517578,711.9085083007812,328.489990234375,287.1675720214844,157.0,123.3270034790039,367.67999267578125,261.4021301269531,243.11810302734375,23.260000228881836,157.26686096191406,67.56825256347656,281.2472839355469,211.14559936523438,191.98199462890625,113.11344146728516
2025-07-22,213.9495391845703,503.4983825683594,167.01129150390625,191.04405212402344,227.47000122070312,703.7606811523438,332.1099853515625,277.5823669433594,154.72000122070312,119.00800323486328,372.8699951171875,262.707763671875,237.697509765625,23.239999771118164,156.29736328125,67.39029693603516,278.5307312011719,211.49000549316406,192.4739990234375,109.1075668334961
2025-07-23,213.7000732421875,504.09625244140625,170.7608642578125,189.93577575683594,228.2899932861328,712.5176391601562,332.55999755859375,282.6639099121094,158.64999389648438,117.6780014038086,372.4599914550781,266.3255920410156,241.48094177246094,23.489999771118164,158.1671142578125,67.84510040283203,278.58013916015625,183.27757263183594,191.28599548339844,109.7169418334961
2025-07-24,213.31089782714844,509.0887451171875,173.7205352783203,191.8727569580078,232.22999572753906,713.7357177734375,305.29998779296875,287.665771484375,162.1199951171875,118.07599639892578,371.69000244140625,266.80401611328125,242.40933227539062,22.6299991607666,157.1382598876953,67.5188217163086,257.34161376953125,182.72650146484375,199.23599243164062,111.61498260498047
2025-07-25,213.43064880371094,511.9088439941406,173.48056030273438,192.88119506835938,231.44000244140625,711.6189575195312,316.05999755859375,289.13043212890625,166.47000122070312,118.04900360107422,370.739990234375,268.2092590332031,244.6953582763672,20.700000762939453,156.7029571533203,67.914306640625,256.56121826171875,182.0376739501953,193.75799560546875,111.14546966552734
2025-07-28,213.6002960205078,510.7030334472656,176.73019409179688,192.28213500976562,232.7899932861328,716.5615844726562,325.5899963378906,293.23553466796875,173.66000366210938,117.45999908447266,369.4700012207031,269.345458984375,247.2808837890625,20.68000030517578,159.3245849609375,67.15299987792969,260.0087585449219,186.2296905517578,197.14999389648438,111.13548278808594
2025-07-29,210.8261260986328,510.7727966308594,175.49032592773438,195.44723510742188,231.00999450683594,698.9578247070312,321.20001220703125,296.3442687988281,177.44000244140625,116.8740005493164,370.70001220703125,266.49505615234375,249.54693603515625,20.40999984741211,160.34353637695312,67.19254302978516,259.218505859375,188.32569885253906,198.63999938964844,111.84474182128906
2025-07-30,208.6107940673828,511.4404296875,179.2499237060547,196.2260284423828,230.19000244140625,694.1749877929688,319.0400085449219,301.52545166015625,179.50999450683594,118.41999816894531,364.0,263.92364501953125,250.16587829589844,20.34000015258789,157.35589599609375,67.5089340209961,257.09466552734375,186.49539184570312,195.49600219726562,114.62188720703125
2025-07-31,207.1339111328125,531.62939453125,177.85006713867188,191.60317993164062,234.11000061035156,772.2884521484375,308.2699890136719,292.6377258300781,176.30999755859375,115.94000244140625,357.69000244140625,257.46533203125,253.33038330078125,19.799999237060547,145.1876678466797,67.31119537353516,250.07110595703125,179.45819091796875,188.62399291992188,109.02764892578125
2025-08-01,201.95480346679688,522.2722778320312,173.70053100585938,188.8374786376953,214.75,748.8933715820312,302.6300048828125,287.5960388183594,171.6999969482422,115.86000061035156,347.79998779296875,249.90077209472656,243.99658203125,19.309999465942383,146.60235595703125,66.35214233398438,247.0088348388672,179.2599639892578,182.87399291992188,104.77203369140625
2025-08-04,202.9227752685547,533.7619018554688,179.97982788085938,194.7383270263672,211.64999389648438,775.2140502929688,309.260009765625,296.6431884765625,176.77999877929688,117.0989990234375,338.8500061035156,251.47549438476562,252.092529296875,19.5,145.92962646484375,67.71656036376953,248.91534423828125,181.11341857910156,184.60000610351562,107.6590576171875
2025-08-05,202.49366760253906,525.8995361328125,178.24002075195312,194.368896484375,213.75,762.3233642578125,308.7200012207031,291.8705139160156,174.30999755859375,114.78700256347656,338.739990234375,246.66165161132812,255.22708129882812,20.190000534057617,145.13821411132812,66.75751495361328,247.62127685546875,183.75979614257812,181.0240020751953,108.94772338867188
2025-08-06,212.8019561767578,523.0994262695312,179.39988708496094,195.78671264648438,222.30999755859375,770.8406372070312,319.9100036621094,300.57891845703125,163.1199951171875,117.8479995727539,345.6199951171875,248.3360137939453,255.9857635498047,20.40999984741211,144.27752685546875,68.42842864990234,249.21170043945312,184.26528930664062,182.46200561523438,108.66801452636719
2025-08-07,219.56771850585938,519.0137939453125,180.749755859375,196.21604919433594,223.1300048828125,760.6957397460938,322.2699890136719,302.6613464355469,172.39999389648438,118.03700256347656,338.2699890136719,240.0737762451172,248.9579620361328,19.770000457763672,144.3368682861328,69.11064147949219,247.1174774169922,184.26528930664062,174.82400512695312,111.75484466552734
2025-08-08,228.86813354492188,520.2095947265625,182.6795196533203,201.10845947265625,222.69000244140625,768.1546630859375,329.6499938964844,303.8669738769531,172.75999450683594,121.16400146484375,341.04998779296875,239.7050018310547,249.61683654785156,19.950000762939453,145.97911071777344,70.97929382324219,240.94154357910156,185.56370544433594,174.5019989013672,118.76760864257812
2025-08-11,226.95997619628906,519.9405517578125,182.0395965576172,200.68911743164062,221.3000030517578,764.7296752929688,339.0299987792969,302.80084228515625,172.27999877929688,121.83100128173828,333.6499938964844,231.9011993408203,252.2422637939453,20.649999618530273,146.3847198486328,69.8719482421875,235.0042724609375,182.0847625732422,171.2740020751953,123.59264373779297
2025-08-12,229.42758178710938,527.3843383789062,183.1394805908203,203.02549743652344,221.47000122070312,788.8237915039062,340.8399963378906,311.6985168457031,174.9499969482422,122.52799987792969,338.42999267578125,230.88462829589844,253.42022705078125,21.809999465942383,152.0830078125,70.57392120361328,233.482666015625,191.26283264160156,170.68600463867188,127.61849212646484
2025-08-13,233.10403442382812,518.7546997070312,181.5696563720703,201.6476287841797,224.55999755859375,778.9186401367188,339.3800048828125,307.9720764160156,184.4199981689453,120.44400024414062,351.07000732421875,236.2366485595703,243.75698852539062,22.219999313354492,154.912353515625,69.60499572753906,238.7536163330078,191.57998657226562,172.66000366210938,124.1420669555664
2025-08-14,232.5545654296875,520.6480102539062,181.99960327148438,202.62611389160156,230.97999572753906,780.9655151367188,335.5799865722656,310.1043395996094,180.9499969482422,123.05599975585938,348.5799865722656,232.58889770507812,244.53564453125,23.860000610351562,156.3962860107422,68.51742553710938,235.80982971191406,191.9962921142578,170.1719970703125,125.16101837158203
2025-08-15,231.36570739746094,518.3461303710938,180.42977905273438,203.58462524414062,231.02999877929688,784.0609130859375,330.55999755859375,305.23199462890625,177.50999450683594,123.8949966430664,354.8500061035156,241.6285400390625,247.84988403320312,24.559999465942383,156.15887451171875,65.4524154663086,238.405517578125,192.8486785888672,173.447998046875,120.74557495117188
2025-08-18,230.66639709472656,515.286865234375,181.98959350585938,203.18524169921875,231.49000549316406,766.2274780273438,335.1600036621094,304.65411376953125,176.13999938964844,124.50900268554688,357.239990234375,243.15342712402344,248.63853454589844,23.65999984741211,157.19760131835938,66.19395446777344,238.13699340820312,192.6107940673828,178.41000366210938,123.42282104492188
2025-08-19,230.3367156982422,507.98260498046875,175.6203155517578,201.25823974609375,228.00999450683594,750.3611450195312,329.30999755859375,293.8433532714844,166.5500030517578,121.41500091552734,361.0299987792969,245.17662048339844,234.2135467529297,25.309999465942383,154.5760040283203,66.006103515625,239.95697021484375,194.20655822753906,177.3560028076172,121.92436218261719
2025-08-20,225.79110717773438,503.9468078613281,175.38034057617188,199.01171875,223.80999755859375,746.6067504882812,323.8999938964844,290.11688232421875,165.1999969482422,121.38600158691406,353.42999267578125,245.6251220703125,234.6527862548828,23.540000915527344,153.77467346191406,66.35214233398438,241.22000122070312,198.99383544921875,178.0500030517578,117.08934020996094
2025-08-21,224.68218994140625,503.2980041503906,174.96038818359375,199.44105529785156,221.9499969482422,737.9995727539062,320.1099853515625,288.55255126953125,163.7100067138672,120.62100219726562,353.42999267578125,245.0072021484375,232.75608825683594,23.5,152.4787139892578,66.2631607055664,238.08726501464844,198.93435668945312,175.3939971923828,115.6707992553711
2025-08-22,227.53941345214844,506.2824401855469,177.97006225585938,205.771240234375,228.83999633789062,753.6661987304688,340.010009765625,292.9366455078125,167.75999450683594,120.46499633789062,362.0899963378906,247.45895385742188,235.9605255126953,24.799999237060547,156.317138671875,66.55977630615234,240.7625274658203,204.2370147705078,177.35000610351562,117.55885314941406
2025-08-25,226.94000244140625,503.3179931640625,179.78985595703125,208.1675262451172,227.94000244140625,752.1784057617188,346.6000061035156,293.16583251953125,163.36000061035156,121.80699920654297,363.2099914550781,247.04037475585938,235.002197265625,24.549999237060547,154.74417114257812,66.38180541992188,238.1171112060547,204.1478271484375,175.98800659179688,116.30015563964844
2025-08-26,229.08792114257812,501.1021423339844,181.7496337890625,206.81961059570312,228.7100067138672,752.9772338867188,351.6700134277344,296.93212890625,166.6199951171875,122.60900115966797,354.9100036621094,242.9241943359375,233.8042755126953,24.350000381469727,157.46470642089844,67.61769104003906,241.29957580566406,204.15773010253906,172.9320068359375,116.38007354736328
2025-08-27,230.26678466796875,505.7933349609375,181.57965087890625,207.15908813476562,229.1199951171875,746.2672729492188,349.6000061035156,299.1640319824219,167.1300048828125,122.3499984741211,356.3500061035156,249.3227081298828,235.4014892578125,24.850000381469727,158.0583038330078,67.66712951660156,243.4974365234375,203.65225219726562,177.5959930419922,117.62879180908203
2025-08-28,232.33477783203125,508.68792724609375,180.14981079101562,211.31265258789062,231.60000610351562,749.99169921875,345.9800109863281,307.53363037109375,168.5800018310547,123.1449966430664,353.9599914550781,253.67807006835938,239.9036865234375,24.93000030517578,159.07725524902344,68.64595031738281,244.382568359375,202.28445434570312,185.72000122070312,121.8744125366211
2025-08-29,231.91517639160156,505.7434387207031,174.1604766845703,212.58070373535156,229.0,737.6001586914062,333.8699951171875,296.31439208984375,162.6300048828125,120.82499694824219,356.70001220703125,255.392333984375,225.73826599121094,24.350000381469727,159.0080108642578,68.30978393554688,242.1548614501953,200.68869018554688,183.49200439453125,118.88748931884766
2025-09-02,229.49752807617188,504.1763610839844,170.7608642578125,211.0231170654297,225.33999633789062,734.0155029296875,329.3599853515625,297.16131591796875,162.32000732421875,121.41100311279297,345.6300048828125,252.013671875,224.90969848632812,24.209999084472656,157.0789031982422,67.03435516357422,240.17576599121094,198.0423126220703,182.28399658203125,118.35803985595703
2025-09-03,238.2390594482422,504.40594482421875,170.60089111328125,230.30325317382812,225.99000549316406,735.95263671875,334.0899963378906,301.2962951660156,162.1300048828125,122.61799621582031,348.5,255.5916748046875,223.06289672851562,24.0,155.59495544433594,66.90582275390625,242.76150512695312,194.00833129882812,183.87600708007812,118.59778594970703
2025-09-04,239.5477752685547,507.02105712890625,171.64077758789062,231.94070434570312,235.67999267578125,747.535400390625,338.5299987792969,304.9928894042969,161.7899932861328,125.74800109863281,344.30999755859375,243.1932830810547,222.6136932373047,24.610000610351562,158.89808654785156,67.22220611572266,245.82461547851562,185.63307189941406,179.71200561523438,124.08213806152344
2025-09-05,239.45787048339844,494.0752868652344,167.0012969970703,234.63653564453125,232.3300018310547,751.3297729492188,350.8399963378906,333.6787414550781,151.13999938964844,124.38200378417969,348.9700012207031,249.92068481445312,232.39671325683594,24.489999771118164,159.0274200439453,66.14452362060547,247.16720581054688,186.2674102783203,182.75999450683594,131.23475646972656
2025-09-08,237.64962768554688,497.2693176269531,168.2911376953125,233.8870086669922,235.83999633789062,751.179931640625,346.3999938964844,344.3998107910156,151.41000366210938,124.47599792480469,358.6600036621094,251.42564392089844,238.06686401367188,24.479999542236328,159.42539978027344,66.12474060058594,254.68576049804688,184.17608642578125,187.86599731445312,131.32467651367188
2025-09-09,234.123046875,497.4789123535156,170.74085998535156,239.47335815429688,238.24000549316406,764.5599975585938,346.9700012207031,335.45233154296875,155.82000732421875,126.32499694824219,354.05999755859375,251.21633911132812,241.09161376953125,24.440000534057617,157.85342407226562,66.57954406738281,257.6891784667969,183.39306640625,186.73399353027344,135.1007843017578
2025-09-10,226.5703582763672,499.43524169921875,177.3101348876953,239.01365661621094,230.3300018310547,750.8604125976562,347.7900085449219,368.2333068847656,159.5399932861328,124.77100372314453,350.1600036621094,241.75811767578125,327.7611999511719,24.770000457763672,158.14195251464844,67.36062622070312,255.471435546875,182.38209533691406,184.71400451660156,139.8558807373047
2025-09-11,229.80722045898438,500.0740661621094,177.16014099121094,240.21287536621094,229.9499969482422,749.7820434570312,368.80999755859375,358.3292541503906,155.6699981689453,120.3499984741211,350.54998779296875,245.45570373535156,307.32666015625,24.610000610351562,160.68893432617188,66.92559814453125,255.60072326660156,182.71910095214844,187.656005859375,150.41500854492188
2025-09-12,233.84332275390625,508.94744873046875,177.8101043701172,240.64259338378906,228.14999389648438,754.465087890625,395.94000244140625,358.5683898925781,158.57000732421875,118.84400177001953,349.3599853515625,241.9474639892578,291.673828125,24.079999923706055,161.00730895996094,65.77869415283203,252.05029296875,180.9845733642578,185.79200744628906,157.06814575195312
2025-09-15,236.47076416015625,514.397216796875,177.74009704589844,251.44552612304688,231.42999267578125,763.5614624023438,410.0400085449219,362.77313232421875,161.16000366210938,120.22599792480469,347.1000061035156,241.70828247070312,301.6166076660156,24.770000457763672,160.40040588378906,66.2631607055664,254.83493041992188,176.6234893798828,189.48399353027344,157.60760498046875
2025-09-16,237.9193572998047,508.08905029296875,174.87026977539062,250.99581909179688,234.0500030517578,777.8401489257812,421.6199951171875,358.69793701171875,160.4600067138672,120.0510025024414,352.7300109863281,238.50901794433594,306.1187744140625,25.270000457763672,163.30555725097656,66.17417907714844,256.10791015625,176.0585479736328,186.40199279785156,158.65652465820312
2025-09-17,238.75856018066406,509.06719970703125,170.280517578125,249.36688232421875,231.6199951171875,774.5650634765625,425.8599853515625,344.9179382324219,159.16000366210938,122.8499984741211,362.07000732421875,241.81967163085938,300.8878479003906,24.899999618530273,164.41986083984375,66.95526123046875,257.65936279296875,178.70492553710938,190.07400512695312,159.8253173828125
2025-09-18,237.64962768554688,507.5001525878906,176.23019409179688,251.86524963378906,231.22999572753906,779.0883178710938,416.8500061035156,344.1009216308594,157.9199981689453,120.77799987792969,367.4599914550781,243.88633728027344,296.10614013671875,30.56999969482422,167.27528381347656,67.9044189453125,263.5469055175781,180.0132293701172,189.54800415039062,168.7161407470703
2025-09-19,245.26223754882812,516.96240234375,176.66015625,254.55349731445312,231.47999572753906,777.2210693359375,426.07000732421875,343.6923828125,157.38999938964844,122.6969985961914,365.8999938964844,246.69180297851562,308.12530517578125,29.579999923706055,166.00180053710938,67.43972778320312,264.939208984375,177.78314208984375,192.22999572753906,162.56246948242188
2025-09-22,255.8319854736328,513.4889526367188,183.5997772216797,252.36492919921875,227.6300048828125,764.5364379882812,434.2099914550781,338.14300537109375,159.7899932861328,122.73699951171875,364.0799865722656,249.28761291503906,327.5815124511719,28.760000228881836,168.85719299316406,66.98492431640625,269.8819580078125,178.0309295654297,189.55599975585938,164.45053100585938
2025-09-23,254.18359375,508.2787170410156,178.42005920410156,251.49549865722656,220.7100067138672,754.784423828125,425.8500061035156,338.292724609375,160.89999389648438,121.84700012207031,361.7799987792969,244.16587829589844,313.28631591796875,29.34000015258789,168.6681671142578,66.77729034423828,270.7471923828125,180.4295196533203,185.53399658203125,166.2386932373047
2025-09-24,252.06564331054688,509.19696044921875,176.96014404296875,246.97845458984375,220.2100067138672,760.0401000976562,442.7900085449219,338.6620178222656,160.8800048828125,120.3949966430664,353.2699890136719,245.49374389648438,307.9256286621094,31.219999313354492,172.667724609375,66.55977630615234,266.0630187988281,182.80828857421875,186.6739959716797,161.5435333251953
2025-09-25,256.6212158203125,506.0827941894531,177.68011474609375,245.6293182373047,218.14999389648438,748.2996826171875,423.3900146484375,335.4581298828125,161.27000427246094,120.8239974975586,354.1600036621094,240.5616912841797,290.8252868652344,33.9900016784668,168.81739807128906,67.08378601074219,279.8967590332031,180.4295196533203,183.7220001220703,156.66856384277344
2025-09-26,255.2126007080078,510.5045166015625,178.18008422851562,246.3788299560547,219.77999877929688,743.1439208984375,440.3999938964844,333.8911437988281,159.4600067138672,121.06099700927734,360.3699951171875,243.03770446777344,282.96893310546875,35.5,168.33984375,66.46090698242188,282.7510070800781,182.91732788085938,187.1999969482422,157.1081085205078
2025-09-29,254.18359375,513.6386108398438,181.8398895263672,243.89047241210938,222.1699981689453,742.794189453125,443.2099914550781,327.2738037109375,161.36000061035156,120.64099884033203,359.4200134277344,244.70501708984375,282.2701721191406,34.47999954223633,164.4596710205078,66.95526123046875,278.2657470703125,181.60899353027344,188.1699981689453,163.73126220703125
2025-09-30,254.38340759277344,516.982421875,186.56961059570312,242.94110107421875,219.57000732421875,733.7815551757812,444.7200012207031,329.27996826171875,161.7899932861328,119.89199829101562,352.75,236.61807250976562,280.7527770996094,33.54999923706055,165.5142822265625,67.64734649658203,280.6128234863281,182.1045684814453,184.05599975585938,167.14776611328125
2025-10-01,255.20260620117188,518.7391357421875,187.22958374023438,244.7399139404297,220.6300048828125,716.7554321289062,459.4599914550781,332.7533264160156,164.00999450683594,117.08999633789062,343.7200012207031,235.3101806640625,288.50933837890625,35.939998626708984,165.6436309814453,67.97362518310547,284.9190673828125,178.79412841796875,182.48599243164062,181.9624786376953
2025-10-02,256.8809814453125,514.7765502929688,188.87948608398438,245.52940368652344,222.41000366210938,726.45751953125,436.0,337.5341491699219,169.72999572753906,116.25299835205078,351.4800109863281,238.4950408935547,288.27972412109375,37.29999923706055,167.9916229248047,67.53858947753906,285.1477966308594,180.70706176757812,182.02000427246094,183.5608367919922
2025-10-03,257.7701110839844,516.3834838867188,187.6095428466797,245.1896209716797,219.50999450683594,709.98095703125,429.8299865722656,337.7237854003906,164.6699981689453,115.33200073242188,346.739990234375,239.97265625,285.6443176269531,36.83000183105469,168.31993103027344,67.55848693847656,286.78875732421875,178.72474670410156,182.4720001220703,187.754150390625
2025-10-06,256.44140625,527.5825805664062,185.5296630859375,250.26629638671875,220.89999389648438,715.0767822265625,453.25,334.84930419921875,203.7100067138672,116.33100128173828,350.1400146484375,245.3839111328125,291.0848693847656,36.59000015258789,167.76278686523438,68.54322814941406,287.8330078125,180.20155334472656,182.5679931640625,190.8828887939453
2025-10-07,256.23162841796875,523.0010986328125,185.02969360351562,245.59934997558594,221.77999877929688,712.4989013671875,433.0899963378906,335.7675476074219,211.50999450683594,119.10600280761719,348.30999755859375,239.35365295410156,283.7475891113281,37.16999816894531,164.61886596679688,68.62279510498047,292.25860595703125,175.48367309570312,180.84800720214844,185.61502075195312
2025-10-08,257.8100891113281,523.8695068359375,189.09947204589844,244.46009826660156,225.22000122070312,717.2550659179688,438.69000244140625,344.8401794433594,235.55999755859375,121.42500305175781,348.7699890136719,240.0425262451172,288.1300048828125,37.43000030517578,166.9171142578125,69.9556655883789,287.8727722167969,179.99342346191406,182.86399841308594,196.46063232421875
2025-10-09,253.79396057128906,521.4241333007812,192.5592803955078,241.3721160888672,227.74000549316406,732.9122314453125,435.5400085449219,344.361083984375,232.88999938964844,123.10700225830078,347.4700012207031,244.9346466064453,296.9599914550781,37.79999923706055,164.81784057617188,69.58763122558594,286.6495361328125,177.3767852783203,183.58999633789062,192.25233459472656
2025-10-10,245.032470703125,510.0054626464844,183.14981079101562,236.4153594970703,216.3699951171875,704.7252197265625,413.489990234375,324.0100402832031,214.89999389648438,122.00800323486328,337.510009765625,241.29051208496094,292.9599914550781,36.369998931884766,152.80918884277344,67.57838439941406,276.2966003417969,170.18099975585938,177.74200439453125,181.52667236328125
2025-10-13,247.42015075683594,513.0896606445312,188.3095245361328,243.9904022216797,220.07000732421875,715.1167602539062,435.8999938964844,356.018798828125,216.4199981689453,121.90299987792969,339.32000732421875,248.34913635253906,308.010009765625,37.220001220703125,160.9575653076172,67.10093688964844,275.69989013671875,173.5608367919922,184.74000549316406,192.69215393066406
2025-10-14,247.53004455566406,512.610595703125,180.0199737548828,245.28955078125,216.38999938964844,708.072509765625,429.239990234375,343.4728088378906,218.08999633789062,121.53500366210938,335.94000244140625,239.38360595703125,299.0,35.630001068115234,160.9177703857422,68.2945556640625,274.6357421875,172.40118408203125,182.2519989013672,186.9844512939453
2025-10-15,249.09852600097656,512.4708251953125,179.8199920654297,250.86590576171875,215.57000732421875,716.9652709960938,435.1499938964844,350.6590270996094,238.60000610351562,120.3290023803711,330.6300048828125,236.19874572753906,303.6199951171875,37.150001525878906,162.14151000976562,69.14997100830078,279.2105407714844,173.71942138671875,180.61000061035156,191.86248779296875
2025-10-16,247.21035766601562,510.65423583984375,181.7998809814453,251.29562377929688,214.47000122070312,711.48974609375,428.75,353.4736633300781,234.55999755859375,118.35900115966797,329.2300109863281,245.6035614013672,313.0,36.84000015258789,163.24586486816406,68.72225952148438,274.4567565917969,173.92755126953125,178.8979949951172,202.44821166992188
2025-10-17,252.045654296875,512.62060546875,183.20980834960938,253.13442993164062,213.0399932861328,716.3357543945312,439.30999755859375,348.6628723144531,233.0800018310547,119.93599700927734,333.260009765625,242.6882781982422,291.30999755859375,37.0099983215332,162.6190643310547,69.75672149658203,279.7376403808594,175.01783752441406,180.72000122070312,202.29827880859375
2025-10-20,261.98602294921875,515.8245239257812,182.6298370361328,256.3822937011719,216.47999572753906,731.5733032226562,447.42999267578125,348.5730285644531,240.55999755859375,123.85600280761719,343.3999938964844,253.87022399902344,277.17999267578125,38.099998474121094,166.19081115722656,70.27396392822266,282.0946350097656,178.00119018554688,183.50999450683594,206.68650817871094
2025-10-21,262.5155029296875,516.6929321289062,181.14991760253906,250.29627990722656,222.02999877929688,732.6724853515625,442.6000061035156,342.005615234375,238.02999877929688,124.13500213623047,357.54998779296875,262.9855041503906,275.1499938964844,38.119998931884766,167.9717254638672,70.34358978271484,280.5033874511719,179.24014282226562,188.3000030517578,202.2082977294922
2025-10-22,258.19970703125,519.5675659179688,180.26995849609375,251.52548217773438,217.9499969482422,732.8123168945312,438.9700012207031,339.6501159667969,230.22999572753906,111.63700103759766,354.0899963378906,256.2264404296875,272.6600036621094,36.91999816894531,168.40948486328125,70.2839126586914,285.9334716796875,169.19976806640625,187.1300048828125,198.38986206054688
2025-10-23,259.3285827636719,519.5875244140625,182.1498565673828,252.91456604003906,221.08999633789062,733.40185546875,448.9800109863281,343.63250732421875,234.99000549316406,111.35900115966797,354.1199951171875,254.63897705078125,280.07000732421875,38.15999984741211,169.16561889648438,69.89598083496094,283.4372253417969,170.6666717529297,187.83399963378906,206.62652587890625
2025-10-24,262.56549072265625,522.6318359375,186.24961853027344,259.7501220703125,224.2100067138672,737.75830078125,433.7200012207031,353.4537048339844,252.9199981689453,109.46900177001953,353.5199890136719,254.41934204101562,283.3299865722656,38.279998779296875,168.08116149902344,70.25406646728516,305.7740783691406,167.6337432861328,186.03399658203125,218.9315643310547
2025-10-27,268.5496520996094,530.527099609375,191.47933959960938,269.0939636230469,226.97000122070312,750.2081298828125,452.4200134277344,361.35858154296875,259.6700134277344,109.45600128173828,357.79998779296875,255.0583038330078,281.3999938964844,39.540000915527344,186.72589111328125,71.01001739501953,311.3731994628906,167.91127014160156,189.25799560546875,220.01112365722656
2025-10-28,268.7394714355469,541.057373046875,201.01881408691406,267.295166015625,229.25,750.82763671875,460.54998779296875,372.2577209472656,258.010009765625,110.25,359.9100036621094,253.85025024414062,280.8299865722656,41.529998779296875,180.1096954345703,72.23347473144531,310.8560791015625,165.43338012695312,187.58200073242188,221.8203887939453
2025-10-29,269.4388122558594,540.538330078125,207.02847290039062,274.3905334472656,230.3000030517578,751.0574340820312,461.510009765625,385.2428894042969,264.3299865722656,110.04100036621094,337.8599853515625,251.0547637939453,275.29998779296875,41.34000015258789,177.76170349121094,70.9503402709961,306.51995849609375,158.8422088623047,182.33999633789062,226.53848266601562
2025-10-30,271.13714599609375,524.77783203125,202.8787078857422,281.2960205078125,222.86000061035156,665.9268798828125,440.1000061035156,375.75103759765625,254.83999633789062,108.9000015258789,339.239990234375,256.23638916015625,256.8900146484375,40.15999984741211,176.35885620117188,72.52193450927734,308.3598327636719,159.08999633789062,186.93600463867188,223.91954040527344
2025-10-31,270.108154296875,516.8426513671875,202.47872924804688,281.0061950683594,244.22000122070312,647.8216552734375,456.55999755859375,368.9241027832031,256.1199951171875,111.88600158691406,340.30999755859375,259.9903564453125,262.6099853515625,39.9900016784668,179.98036193847656,72.72086334228516,305.724365234375,161.4600067138672,183.8560028076172,223.6796417236328
2025-11-03,268.7894287109375,516.0641479492188,206.8684844970703,283.5345458984375,254.0,637.1903686523438,468.3699951171875,361.85760498046875,259.6499938964844,110.00900268554688,337.4700012207031,260.9188537597656,257.8500061035156,39.5,179.80128479003906,74.0537338256836,303.0590515136719,161.4600067138672,182.76800537109375,234.605224609375
2025-11-04,269.7784729003906,513.3692016601562,198.67893981933594,277.35858154296875,249.32000732421875,626.8087768554688,444.260009765625,351.26788330078125,250.0500030517578,109.2959976196289,335.3500061035156,254.02996826171875,248.1699981689453,37.029998779296875,171.96133422851562,71.93507385253906,299.2003173828125,159.36000061035156,177.51400756835938,217.94195556640625
2025-11-05,269.8783874511719,506.2125549316406,195.1991424560547,284.1241455078125,250.1999969482422,635.4317626953125,462.07000732421875,358.2944641113281,256.3299865722656,109.84600067138672,335.5299987792969,252.27279663085938,250.30999755859375,38.380001068115234,178.80636596679688,71.71623992919922,305.0878601074219,163.57000732421875,175.92599487304688,237.4040985107422
2025-11-06,269.50872802734375,496.1713562011719,188.0695343017578,284.5638732910156,243.0399932861328,618.4356079101562,445.9100036621094,354.9109191894531,237.6999969482422,109.7020034790039,327.3500061035156,238.88441467285156,243.8000030517578,37.2400016784668,172.3195037841797,70.6618881225586,310.7068786621094,161.3800048828125,171.75399780273438,238.2337646484375
2025-11-07,268.2099914550781,495.8918762207031,188.1395263671875,278.647705078125,244.41000366210938,621.203369140625,429.5199890136719,348.7626647949219,233.5399932861328,110.36599731445312,326.95001220703125,239.49342346191406,239.25999450683594,38.130001068115234,170.02125549316406,70.69172668457031,304.70001220703125,160.5500030517578,172.37399291992188,237.82391357421875
2025-11-10,269.42999267578125,505.0547180175781,199.03892517089844,289.9103698730469,248.39999389648438,631.2451782226562,445.2300109863281,357.7055969238281,243.97999572753906,112.00700378417969,328.8500061035156,241.3204803466797,240.8300018310547,38.45000076293945,170.6977996826172,71.70629119873047,309.1300048828125,160.5800018310547,173.25999450683594,253.1977081298828
2025-11-11,275.25,507.7297058105469,193.1492462158203,291.11956787109375,249.10000610351562,626.5690307617188,439.6199951171875,351.287841796875,237.52000427246094,113.64399719238281,333.2200012207031,244.10598754882812,236.14999389648438,37.880001068115234,173.0955352783203,71.32831573486328,313.7200012207031,159.72999572753906,172.13400268554688,241.01263427734375
2025-11-12,273.4700012207031,510.1851501464844,193.78921508789062,286.5225830078125,244.1999969482422,608.5137329101562,430.6000061035156,354.5416259765625,258.8900146484375,115.75,337.04998779296875,245.62353515625,226.99000549316406,37.88999938964844,175.77186584472656,73.56634521484375,314.9800109863281,163.08999633789062,172.80799865722656,244.8011016845703
2025-11-13,272.95001220703125,502.34979248046875,186.84959411621094,278.3879089355469,237.5800018310547,609.3930053710938,401.989990234375,339.33074951171875,247.9600067138672,115.4229965209961,333.6000061035156,240.0425262451172,217.57000732421875,35.90999984741211,173.61289978027344,76.9681396484375,304.8599853515625,162.22999572753906,169.93800354003906,236.85430908203125
2025-11-14,272.4100036621094,509.2268981933594,190.15940856933594,276.22930908203125,234.69000244140625,608.96337890625,404.3500061035156,341.80596923828125,246.80999755859375,111.21700286865234,331.1099853515625,243.267333984375,222.85000610351562,35.52000045776367,173.0955352783203,77.5848388671875,305.69000244140625,159.3300018310547,170.08599853515625,246.73033142089844
2025-11-17,267.4599914550781,506.54193115234375,186.58961486816406,284.83367919921875,232.8699951171875,601.5194091796875,408.9200134277344,341.9956359863281,240.52000427246094,110.29000091552734,325.07000732421875,236.64801025390625,219.86000061035156,34.709999084472656,165.9022979736328,77.36601257324219,297.1700134277344,154.99000549316406,167.1580047607422,241.852294921875
2025-11-18,267.44000244140625,492.8675537109375,181.3498992919922,284.09417724609375,222.5500030517578,597.2029418945312,401.25,339.8497314453125,230.2899932861328,114.08999633789062,324.4700012207031,233.1237030029297,220.49000549316406,34.33000183105469,164.22088623046875,76.95819854736328,289.95001220703125,157.32000732421875,163.593994140625,228.40773010253906
2025-11-19,268.55999755859375,486.2099914550781,186.50961303710938,292.61859130859375,222.69000244140625,589.8389282226562,403.989990234375,353.7431640625,223.5500030517578,110.0,318.1099853515625,227.5127716064453,225.52999877929688,35.11000061035156,165.2655487060547,77.97276306152344,288.5299987792969,157.08999633789062,163.2899932861328,225.82876586914062
2025-11-20,266.25,478.42999267578125,180.62994384765625,289.26080322265625,217.13999938964844,588.669921875,395.2300109863281,346.1576843261719,206.02000427246094,105.66999816894531,312.3999938964844,225.00680541992188,210.69000244140625,33.619998931884766,158.7786865234375,75.03846740722656,290.3999938964844,153.3300018310547,160.0919952392578,201.28868103027344
2025-11-21,271.489990234375,472.1199951171875,178.8700408935547,299.464111328125,220.69000244140625,593.7657470703125,391.0899963378906,339.5503234863281,203.77999877929688,104.30999755859375,324.19000244140625,226.74400329589844,198.75999450683594,34.5,162.46983337402344,75.69495391845703,297.44000244140625,159.39999389648438,162.68600463867188,207.2862548828125
2025-11-24,275.9200134277344,474.0,182.5398406982422,318.3717346191406,226.27999877929688,612.5504150390625,417.7799987792969,377.2381896972656,215.0500030517578,106.97000122070312,318.7300109863281,226.45448303222656,200.27999877929688,35.790000915527344,164.22088623046875,75.8342056274414,304.1199951171875,161.25999450683594,163.16799926757812,223.83956909179688
2025-11-25,276.9700012207031,476.989990234375,177.8101043701172,323.22857666015625,229.6699981689453,635.7014770507812,419.3999938964844,384.2947082519531,206.1300048828125,104.4000015258789,319.54998779296875,233.74270629882812,197.02999877929688,35.83000183105469,162.46983337402344,75.91378021240234,304.4800109863281,161.77000427246094,165.06199645996094,224.4393310546875
2025-11-26,277.54998779296875,485.5,180.2499542236328,319.7408752441406,229.16000366210938,633.0936279296875,426.5799865722656,396.8107604980469,214.24000549316406,106.13999938964844,317.5199890136719,227.78231811523438,204.9600067138672,36.810001373291016,164.30047607421875,75.66510772705078,303.2099914550781,165.35000610351562,160.54400634765625,230.16700744628906
2025-11-28,278.8500061035156,492.010009765625,176.99014282226562,319.970703125,233.22000122070312,647.4219970703125,430.1700134277344,402.1904602050781,217.52999877929688,107.58000183105469,320.1300048828125,230.16847229003906,201.9499969482422,40.560001373291016,167.2354736328125,76.53048706054688,308.5799865722656,168.27000427246094,162.48199462890625,236.38450622558594
2025-12-01,283.1000061035156,486.739990234375,179.9099884033203,314.6841735839844,233.8800048828125,640.3477172851562,430.1400146484375,385.3426818847656,219.75999450683594,109.12999725341797,322.8500061035156,232.4547882080078,200.94000244140625,40.0099983215332,167.18572998046875,75.63526916503906,305.6700134277344,168.16000366210938,164.41400146484375,240.36289978027344
2025-12-02,286.19000244140625,490.0,181.4499053955078,315.6035461425781,234.4199981689453,646.5726318359375,429.239990234375,380.84130859375,215.24000549316406,109.3499984741211,322.80999755859375,234.33177185058594,201.10000610351562,43.470001220703125,169.83221435546875,76.46085357666016,301.7799987792969,175.25999450683594,164.87600708007812,239.39329528808594
2025-12-03,284.1499938964844,477.7300109863281,179.5800018310547,319.42108154296875,232.3800048828125,639.0787353515625,446.739990234375,379.88311767578125,217.60000610351562,103.95999908447266,326.7799987792969,238.33529663085938,207.72999572753906,43.7599983215332,174.1800079345703,77.33616638183594,302.6199951171875,182.60000610351562,166.5800018310547,234.06544494628906
2025-12-04,280.70001220703125,480.8399963378906,183.3800048828125,317.4123840332031,229.11000061035156,660.990966796875,454.5299987792969,380.3023376464844,215.97999572753906,103.22000122070312,328.7300109863281,247.06121826171875,214.3300018310547,40.5,174.35000610351562,77.34611511230469,307.989990234375,180.1199951171875,167.7740020751953,226.5584716796875
2025-12-05,278.7799987792969,483.1600036621094,182.41000366210938,321.0599670410156,229.52999877929688,672.8712158203125,455.0,389.4947509765625,217.97000122070312,100.23999786376953,346.260009765625,260.15008544921875,217.5800018310547,41.40999984741211,174.80999755859375,77.55500030517578,307.94000244140625,182.5399932861328,170.8719940185547,237.12420654296875
2025-12-08,277.8900146484375,491.0199890136719,185.5500030517578,313.7200012207031,226.88999938964844,666.256591796875,439.5799865722656,400.3340148925781,221.11000061035156,96.79000091552734,339.1199951171875,259.11175537109375,220.5399932861328,40.29999923706055,175.30999755859375,78.44026184082031,309.17999267578125,180.94000244140625,170.70399475097656,246.82028198242188
2025-12-09,277.17999267578125,492.0199890136719,184.97000122070312,317.0799865722656,227.9199981689453,656.4246826171875,445.1700134277344,405.51409912109375,221.6199951171875,96.70999908447266,344.32000732421875,260.5993347167969,221.52999877929688,40.5,176.0,79.08680725097656,310.4800109863281,179.52000427246094,170.98199462890625,252.3180694580078
2025-12-10,278.7799987792969,478.55999755859375,183.77999877929688,320.2099914550781,231.77999877929688,649.6002197265625,451.45001220703125,412.18133544921875,221.4199981689453,92.70999908447266,343.1300048828125,263.77423095703125,223.00999450683594,40.779998779296875,182.2100067138672,79.82286071777344,312.6700134277344,181.6699981689453,170.71200561523438,263.6034851074219
2025-12-11,278.0299987792969,483.4700012207031,180.92999267578125,312.42999267578125,230.27999877929688,652.1781005859375,446.8900146484375,405.59393310546875,221.42999267578125,94.08999633789062,350.42999267578125,261.9272155761719,198.85000610351562,39.5099983215332,181.27000427246094,78.84807586669922,310.739990234375,181.6699981689453,173.4980010986328,258.3556213378906
2025-12-12,278.2799987792969,478.5299987792969,175.02000427246094,309.2900085449219,226.19000244140625,643.7050170898438,458.9599914550781,359.24261474609375,210.77999877929688,95.19000244140625,356.42999267578125,261.80743408203125,189.97000122070312,37.810001373291016,178.2899932861328,77.38591003417969,309.239990234375,179.4199981689453,173.01199340820312,241.04261779785156
2025-12-15,274.1099853515625,474.82000732421875,176.2899932861328,308.2200012207031,222.5399932861328,647.510009765625,475.30999755859375,339.1610412597656,207.5800018310547,93.7699966430664,351.1499938964844,254.16973876953125,184.9199981689453,37.5099983215332,179.25999450683594,77.83351135253906,308.6600036621094,177.97000122070312,153.0399932861328,237.4040985107422
2025-12-16,274.6099853515625,476.3900146484375,177.72000122070312,306.57000732421875,222.55999755859375,657.1500244140625,489.8800048828125,340.648193359375,209.1699981689453,94.56999969482422,347.8900146484375,254.49920654296875,188.64999389648438,37.310001373291016,176.1199951171875,77.13723754882812,303.17999267578125,177.55999755859375,156.2239990234375,232.41610717773438
2025-12-17,271.8399963378906,476.1199951171875,170.94000244140625,296.7200012207031,221.27000427246094,649.5,467.260009765625,325.3973693847656,198.11000061035156,94.79000091552734,354.6600036621094,257.7239990234375,178.4600067138672,36.04999923706055,172.33999633789062,75.5954818725586,303.32000732421875,174.49000549316406,156.47799682617188,225.42893981933594
2025-12-18,272.19000244140625,483.9800109863281,174.13999938964844,302.4599914550781,226.75999450683594,664.4500122070312,483.3699951171875,329.2500305175781,201.05999755859375,94.0,355.80999755859375,257.8500061035156,180.02999877929688,36.279998779296875,174.19000244140625,76.5404281616211,300.45001220703125,176.19000244140625,153.3800048828125,248.4496307373047
2025-12-19,273.6700134277344,485.9200134277344,180.99000549316406,307.1600036621094,227.35000610351562,658.77001953125,481.20001220703125,339.7099914550781,213.42999267578125,94.38999938964844,355.8599853515625,259.9100036621094,191.97000122070312,36.81999969482422,175.25,78.00260162353516,300.9800109863281,176.2899932861328,155.30999755859375,265.8126220703125
2025-12-22,270.9700012207031,484.9200134277344,183.69000244140625,309.7799987792969,228.42999267578125,661.5,488.7300109863281,341.45001220703125,214.9499969482422,93.2300033569336,357.5299987792969,264.6300048828125,198.3800048828125,36.369998931884766,174.22000122070312,77.69425201416016,302.7900085449219,178.82000732421875,156.67999267578125,276.4783020019531
2025-12-23,272.3599853515625,486.8500061035156,189.2100067138672,314.3500061035156,232.13999938964844,664.9400024414062,485.55999755859375,349.32000732421875,214.89999389648438,93.5,352.4200134277344,263.42999267578125,195.33999633789062,36.349998474121094,174.75,77.60472869873047,303.7799987792969,177.0800018310547,154.36000061035156,276.1584167480469
2025-12-24,273.80999755859375,488.0199890136719,188.61000061035156,314.0899963378906,232.3800048828125,667.5499877929688,485.3999938964844,350.2200012207031,215.0399932861328,93.63999938964844,352.9800109863281,265.260009765625,197.49000549316406,36.15999984741211,174.77000427246094,77.60472869873047,304.55999755859375,177.1300048828125,152.58999633789062,286.5642395019531
2025-12-26,273.3999938964844,487.7099914550781,190.52999877929688,313.510009765625,232.52000427246094,663.2899780273438,475.19000244140625,352.1300048828125,214.99000549316406,94.47000122070312,353.79998779296875,266.0799865722656,197.99000549316406,36.20000076293945,174.80999755859375,77.74398803710938,305.0899963378906,176.8800048828125,153.88999938964844,284.6750183105469
2025-12-29,273.760009765625,487.1000061035156,188.22000122070312,313.55999755859375,232.07000732421875,658.6900024414062,459.6400146484375,349.3900146484375,215.61000061035156,94.1500015258789,353.1600036621094,266.2300109863281,195.3800048828125,36.68000030517578,173.42999267578125,77.37596130371094,305.739990234375,175.69000244140625,154.5800018310547,294.3699951171875
2025-12-30,273.0799865722656,487.4800109863281,187.5399932861328,313.8500061035156,232.52999877929688,665.9500122070312,454.42999267578125,349.8500061035156,215.33999633789062,93.77999877929688,352.510009765625,265.9200134277344,197.2100067138672,37.29999923706055,173.64999389648438,76.99798583984375,302.04998779296875,175.4199981689453,154.22999572753906,292.6300048828125
2025-12-31,271.8599853515625,483.6199951171875,186.5,313.0,230.82000732421875,660.0900268554688,449.7200012207031,346.1000061035156,214.16000366210938,93.76000213623047,349.989990234375,264.9100036621094,194.91000366210938,36.900001525878906,171.0500030517578,76.62000274658203,296.2099914550781,173.49000549316406,153.19000244140625,285.4100036621094
2026-01-02,271.010009765625,472.94000244140625,188.85000610351562,315.1499938964844,226.5,650.4099731445312,438.07000732421875,347.6199951171875,223.47000122070312,90.98999786376953,333.29998779296875,253.6199951171875,195.7100067138672,39.380001068115234,172.97999572753906,76.04000091552734,291.5,177.52000427246094,147.4499969482422,315.4200134277344
